{"meta":{"app":"https://ctjs.rocks/","version":"3.1.0","image":"a0.png","format":"RGBA8888","size":{"w":2048,"h":2048},"scale":"1"},"frames":{"2023@frame0":{"frame":{"x":1,"y":1,"w":146,"h":45},"rotated":false,"trimmed":false,"spriteSourceSize":{"x":0,"y":0,"w":146,"h":45},"sourceSize":{"w":146,"h":45},"anchor":{"x":0,"y":0},"shape":{"type":"rect","top":0,"bottom":45,"left":0,"right":146}},"DALL·E_2022-11-07_00.09.20@frame0":{"frame":{"x":1,"y":48,"w":695,"h":1152},"rotated":false,"trimmed":false,"spriteSourceSize":{"x":0,"y":0,"w":695,"h":1152},"sourceSize":{"w":695,"h":1152},"anchor":{"x":0.5539568345323741,"y":0.7387152777777778},"shape":{"type":"rect","top":65,"bottom":301,"left":385,"right":310}},"DALL·E_2022-11-07_00.09.20@frame1":{"frame":{"x":698,"y":1,"w":695,"h":1152},"rotated":false,"trimmed":false,"spriteSourceSize":{"x":0,"y":0,"w":695,"h":1152},"sourceSize":{"w":695,"h":1152},"anchor":{"x":0.5539568345323741,"y":0.7387152777777778},"shape":{"type":"rect","top":65,"bottom":301,"left":385,"right":310}},"cloud@frame0":{"frame":{"x":1395,"y":1,"w":88,"h":71},"rotated":false,"trimmed":false,"spriteSourceSize":{"x":0,"y":0,"w":88,"h":71},"sourceSize":{"w":88,"h":71},"anchor":{"x":0,"y":0},"shape":{"type":"rect","top":0,"bottom":71,"left":0,"right":88}},"lampa@frame0":{"frame":{"x":1485,"y":1,"w":151,"h":329},"rotated":false,"trimmed":false,"spriteSourceSize":{"x":0,"y":0,"w":151,"h":329},"sourceSize":{"w":151,"h":329},"anchor":{"x":0.5033112582781457,"y":0.7811550151975684},"shape":{"type":"rect","top":14,"bottom":17,"left":15,"right":14}},"particles@frame0":{"frame":{"x":1395,"y":332,"w":623,"h":388},"rotated":false,"trimmed":false,"spriteSourceSize":{"x":0,"y":0,"w":623,"h":388},"sourceSize":{"w":623,"h":388},"anchor":{"x":0,"y":0},"shape":{"type":"rect","top":0,"bottom":388,"left":0,"right":623}},"path4594@frame0":{"frame":{"x":1,"y":1202,"w":1834,"h":829},"rotated":false,"trimmed":false,"spriteSourceSize":{"x":0,"y":0,"w":1834,"h":829},"sourceSize":{"w":1834,"h":829},"anchor":{"x":0.495092693565976,"y":0.9034981905910736},"shape":{"type":"rect","top":373,"bottom":81,"left":917,"right":917}},"skrzynia@frame0":{"frame":{"x":1837,"y":722,"w":110,"h":110},"rotated":false,"trimmed":false,"spriteSourceSize":{"x":0,"y":0,"w":110,"h":110},"sourceSize":{"w":110,"h":110},"anchor":{"x":0.4909090909090909,"y":0.8909090909090909},"shape":{"type":"rect","top":47,"bottom":12,"left":54,"right":56}},"slupek@frame0":{"frame":{"x":1395,"y":74,"w":28,"h":123},"rotated":false,"trimmed":false,"spriteSourceSize":{"x":0,"y":0,"w":28,"h":123},"sourceSize":{"w":28,"h":123},"anchor":{"x":0.5357142857142857,"y":0.8861788617886179},"shape":{"type":"rect","top":34,"bottom":30,"left":14,"right":14}},"vomet@frame0":{"frame":{"x":1425,"y":74,"w":47,"h":47},"rotated":false,"trimmed":false,"spriteSourceSize":{"x":0,"y":0,"w":47,"h":47},"sourceSize":{"w":47,"h":47},"anchor":{"x":0,"y":0},"shape":{"type":"rect","top":0,"bottom":47,"left":0,"right":47}}},"animations":{"2023":["2023@frame0"],"DALL·E_2022-11-07_00.09.20":["DALL·E_2022-11-07_00.09.20@frame0","DALL·E_2022-11-07_00.09.20@frame1"],"cloud":["cloud@frame0"],"lampa":["lampa@frame0"],"particles":["particles@frame0"],"path4594":["path4594@frame0"],"skrzynia":["skrzynia@frame0"],"slupek":["slupek@frame0"],"vomet":["vomet@frame0"]}}
